{"cameraMode":{"drawMode":0,"name":"Shaded","section":"Shading Mode"},"sceneLighting":false,"audioPlay":false,"sceneViewState":{"showFog":true,"showMaterialUpdate":true,"showSkybox":false,"showFlares":true,"showImageEffects":true,"showParticleSystems":true},"in2DMode":false,"pivot":{"x":0.07000000774860382,"y":0.0599999837577343,"z":0.0002054283395409584},"rotation":{"x":0.05316128954291344,"y":-0.9442837238311768,"z":0.26285991072654726,"w":0.19089962542057038},"size":0.13472378253936768,"orthographic":false}