{"cameraMode":{"drawMode":0,"name":"Shaded","section":"Shading Mode"},"sceneLighting":true,"audioPlay":false,"sceneViewState":{"showFog":true,"showMaterialUpdate":true,"showSkybox":false,"showFlares":true,"showImageEffects":true,"showParticleSystems":true},"in2DMode":false,"pivot":{"x":6.961456298828125,"y":18.579641342163087,"z":2.1655712127685549},"rotation":{"x":0.0014511786866933108,"y":-0.8734930753707886,"z":-0.0026265489868819715,"w":-0.48689302802085879},"size":46.02781677246094,"orthographic":false}