{"cameraMode":{"drawMode":0,"name":"Shaded","section":"Shading Mode"},"sceneLighting":true,"audioPlay":false,"sceneViewState":{"showFog":true,"showMaterialUpdate":true,"showSkybox":false,"showFlares":true,"showImageEffects":true,"showParticleSystems":true},"in2DMode":false,"pivot":{"x":276.10125732421877,"y":-13.697254180908204,"z":553.3775024414063},"rotation":{"x":-0.21689240634441377,"y":-0.6815981268882752,"z":0.2232368439435959,"w":-0.6622710227966309},"size":56.222572326660159,"orthographic":false}