{"cameraMode":{"drawMode":0,"name":"Shaded","section":"Shading Mode"},"sceneLighting":true,"audioPlay":false,"sceneViewState":{"showFog":true,"showMaterialUpdate":true,"showSkybox":true,"showFlares":true,"showImageEffects":true,"showParticleSystems":true},"in2DMode":false,"pivot":{"x":267.1415710449219,"y":2.0327463150024416,"z":557.433837890625},"rotation":{"x":-0.042833030223846439,"y":-0.8713895678520203,"z":0.07731669396162033,"w":-0.48265746235847475},"size":1.1027133464813233,"orthographic":false}